Pin Label,Pin Number,Side,Type
A0_N,3,left,bi
A0_P,2,left,bi
A1_N,7,left,bi
A1_P,6,left,bi
A2_N,10,left,bi
A2_P,9,left,bi
A3_N,13,left,bi
A3_P,12,left,bi
B0_N,37,right,bi
B0_P,38,right,bi
B1_N,33,right,bi
B1_P,34,right,bi
B2_N,28,right,bi
B2_P,29,right,bi
B3_N,24,right,bi
B3_P,25,right,bi
C0_N,35,right,bi
C0_P,36,right,bi
C1_N,31,right,bi
C1_P,32,right,bi
C2_N,26,right,bi
C2_P,27,right,bi
C3_N,22,right,bi
C3_P,23,right,bi
GND,PAD,left,GND
LED_A0,15,left,bi
LED_A1,16,left,bi
LED_A3,42,left,bi
LED_B0,17,right,bi
LED_B1,18,right,bi
LED_B2,41,right,bi
LED_C0,19,right,bi
LED_C1,20,right,bi
LED_C2,40,right,bi
PD,5,left,in
SEL,11,left,in
VDD,1,left,power
VDD,4,left,power
VDD,8,left,power
VDD,14,left,power
VDD,21,left,power
VDD,30,left,power
VDD,39,left,power
